Van Gogh Diffusion,lvngvncnt,https://civitai.com/api/download/models/102
Elden Ring Style,elden ring style,https://civitai.com/api/download/models/29
SynthwavePunk,SNTHWVE STYLE,https://civitai.com/api/download/models/1105
SynthwavePunk,NVINKPUNK,https://civitai.com/api/download/models/1105
Robo-Diffusion,nousr robot,https://civitai.com/api/download/models/50
Deep Space Diffusion,JWST,https://civitai.com/api/download/models/39
Superhero Diffusion,comicmay,https://civitai.com/api/download/models/1
Papercut,Papercut,https://civitai.com/api/download/models/48
Midjourney Papercut,mdjrny-pprct,https://civitai.com/api/download/models/90
All in one Pixel Model,pixelsprite,https://civitai.com/api/download/models/41
All in one Pixel Model,16bitscene,https://civitai.com/api/download/models/41
Jak's Woolitize Image Pack,nothing special here,https://civitai.com/api/download/models/1090
JH's samdoesarts,samdoesarts,https://civitai.com/api/download/models/1100
Modern Disney,modern disney style,https://civitai.com/api/download/models/26
Comic Diffusion,charliebo artstyle,https://civitai.com/api/download/models/46
Comic Diffusion,holliemengert artstyle,https://civitai.com/api/download/models/46
Comic Diffusion,marioalberti artstyle,https://civitai.com/api/download/models/46
Comic Diffusion,pepelarraz artstyle,https://civitai.com/api/download/models/46
Comic Diffusion,andreasrocha artstyle,https://civitai.com/api/download/models/46
Comic Diffusion,jamesdaly artstyle,https://civitai.com/api/download/models/46
Openjourney (aka MidJourney v4),mdjrny-v4 style,https://civitai.com/api/download/models/96
Jaks Creepy Critter Pack,food_crit,https://civitai.com/api/download/models/1045
Inkpunk Diffusion,nvinkpunk,https://civitai.com/api/download/models/1138
Redshift Diffusion,redshift style,https://civitai.com/api/download/models/73
Arcane Diffusion,arcane style,https://civitai.com/api/download/models/25
Jak's Voxel-ish Image Pack,voxel-ish,https://civitai.com/api/download/models/1089
DC Animated Universe,Batman_the_animated_series,https://civitai.com/api/download/models/3
Samdoesarts Ultmerge,samdoesarts style,https://civitai.com/api/download/models/77
ChromaV5,ChromaV5,https://civitai.com/api/download/models/1121
Anything V3,anime,https://civitai.com/api/download/models/75
Classic Animation Diffusion,classic disney style,https://civitai.com/api/download/models/16
Samdoesarts V2,samdoesarts,https://civitai.com/api/download/models/99
Waifu Diffusion,anime,https://civitai.com/api/download/models/121
Midjourney TestP,midjourneytestp style,https://civitai.com/api/download/models/7
Samdoesarts Homage,samdoesarts style,https://civitai.com/api/download/models/70
Cyberware Conceptual Model,mechanical parts,https://civitai.com/api/download/models/34,nsfw
Cyberware Conceptual Model,mechanical 'body part or object,https://civitai.com/api/download/models/34,nsfw
Cyberware Conceptual Model,cyberware style,https://civitai.com/api/download/models/34,nsfw
Rotoscopee,rotoscopee,https://civitai.com/api/download/models/72
Pixel Landscapes,16-bit-landscape pixel art style,https://civitai.com/api/download/models/17
Tracer Diffusion,tracerx,https://civitai.com/api/download/models/123,nsfw
cartoona-animals,cartoona-animals,https://civitai.com/api/download/models/853
Pokemon Style,Pokemon,https://civitai.com/api/download/models/10
SusPeakBlend,PHOTOREALISTIC BLEND,https://civitai.com/api/download/models/1140,nsfw
b-ginga Model,by b-ginga,https://civitai.com/api/download/models/1084,nsfw
The Walking Dead Zombies,RottingZombie person,https://civitai.com/api/download/models/56,gore
StylizR,tdst style,https://civitai.com/api/download/models/106
Synthwave,snthwve style,https://civitai.com/api/download/models/1013
MicroWorlds,microworld render style,https://civitai.com/api/download/models/19
Tiny Planets,TinyPlanet,https://civitai.com/api/download/models/80
Tiny Planets,TinyCityPlanet,https://civitai.com/api/download/models/80
Dungeons and Diffusion,D&D character,https://civitai.com/api/download/models/101
Vectorartz Diffusion,vectorartz,https://civitai.com/api/download/models/107
Archer Diffusion,archer style,https://civitai.com/api/download/models/9
SDHero-Calmartist,STYLE DIGITAL ILLUSTRATION FEMALE SEXY CALMARTIST NSFW,https://civitai.com/api/download/models/1132,nsfw
Guoha Diffusion,guohua style,https://civitai.com/api/download/models/40
Midjourney Shatter,mdjrny-shttr,https://civitai.com/api/download/models/125
seraphm,serphm,https://civitai.com/api/download/models/998
TRON (1982) style,origtron,https://civitai.com/api/download/models/57
Final Fantasy Tactics,FFT,https://civitai.com/api/download/models/42
Jinx from Arcane,sks jinx jinx,https://civitai.com/api/download/models/6
Tron Legacy Diffusion,trnlgcy,https://civitai.com/api/download/models/18
Microscopic,Microscopic,https://civitai.com/api/download/models/49
App Icons Generator,SKSKS app icon,https://civitai.com/api/download/models/20
App Icons,IconsMi,https://civitai.com/api/download/models/105
Spider-verse,spiderverse style,https://civitai.com/api/download/models/32
Pixel Art Sprite Diffusion,PixelartFSS PixelartRSS PixelartBSS PixelartLSS,https://civitai.com/api/download/models/22
Silhouette/Cricut style,BLACK AND WHITE,https://civitai.com/api/download/models/1007
Dark arts style,nothing special,https://civitai.com/api/download/models/124
Borderlands,borderlands,https://civitai.com/api/download/models/58
SDHero-Bimbo-Bondage,SEXY GLOSSY BIMBO NSFW,https://civitai.com/api/download/models/1123,nsfw
Pixel Art,SKSKS art style,https://civitai.com/api/download/models/21
pen-ink-portraits-bennorthen,pen-ink-portraits-bennorthen,
Jojo's Bizarre Diffusion,newstl,https://civitai.com/api/download/models/113
Final Fantasy XIV Style Model,xivcine style,https://civitai.com/api/download/models/15
Hollie Mengert Illustration Diffusion,holliemengert artstyle,https://civitai.com/api/download/models/91
Mona,Mona woman Mona,https://civitai.com/api/download/models/35
Disco Elysium,discoelysium style,https://civitai.com/api/download/models/31
Midjourney Graffiti,mdjrny-grfft,https://civitai.com/api/download/models/94
80s Fashion Robot,80sFashionRobot,https://civitai.com/api/download/models/103
Fred Herzog Photography Style,hrrzg,https://civitai.com/api/download/models/95
WikiHow Model,in WKHW1 Beautiful Art Style,https://civitai.com/api/download/models/11
Art of Magic the Gathering,Mtg art,https://civitai.com/api/download/models/1016
Technicolor-50s-Diffusion,tchnclr style,https://civitai.com/api/download/models/996
Persona 5 Shigenori style,Shigenori Style,https://civitai.com/api/download/models/1024
Nitro-Diffusion,archer style arcane style modern disney style,https://civitai.com/api/download/models/977
Complex Lineart,ComplexLA style,https://civitai.com/api/download/models/74
YoShin Diffusion,yoshin style,https://civitai.com/api/download/models/994
BalloonArt Model,BalloonArt,https://civitai.com/api/download/models/983
RPG,FANTASY BALDURâ€™S GATE,https://civitai.com/api/download/models/1124
Clone Diffusion,clonewars style,https://civitai.com/api/download/models/1034
Transformers Model,TransX,https://civitai.com/api/download/models/109
Jak's Zombie Vector Pack,zombie_vector,https://civitai.com/api/download/models/1052
Macro Bug,Macro_Bug,https://civitai.com/api/download/models/1051
dbluth,dbluth,https://civitai.com/api/download/models/1053
Bloodborne Diffusion,Bloodborne Style,https://civitai.com/api/download/models/971
FluidArt Model,FluidArt,https://civitai.com/api/download/models/988
Caricaturizer,pcrc style,https://civitai.com/api/download/models/1097
Voxelart Diffusion,VoxelArt,https://civitai.com/api/download/models/111
